{"content":[{"id":"3441487b","settings":{"flex_direction":"column","background_overlay_background":"classic","background_overlay_opacity":{"unit":"px","size":0.77,"sizes":[]},"padding":{"unit":"px","top":"55","right":"55","bottom":"55","left":"55","isLinked":true},"__globals__":{"background_overlay_color":"globals\/colors?id=5a1d8f5"}},"elements":[{"id":"2d5a7c25","settings":{"title":"LANCIO PADEL SUMMER CAMP","header_size":"h1","align":"center","typography_typography":"custom","typography_font_size":{"unit":"px","size":40,"sizes":[]},"__globals__":{"title_color":"globals\/colors?id=b142f43"}},"elements":[],"isInner":false,"widgetType":"heading","elType":"widget"}],"isInner":false,"elType":"container"},{"id":"49513856","settings":{"background_background":"classic","background_image":{"url":"http:\/\/localhost:8888\/prova2\/wp-content\/uploads\/2024\/05\/paddle-tennis-white-line-scaled.jpg","id":27,"size":"","alt":"","source":"library"},"background_overlay_background":"classic","background_overlay_opacity":{"unit":"px","size":0.34,"sizes":[]},"__globals__":{"background_color":"globals\/colors?id=blocksy_palette_8","background_overlay_color":"globals\/colors?id=blocksy_palette_8"}},"elements":[{"id":"68a1d97","settings":{"title":"ALLENATI COME I MIGLIORI GIOCATORI DEL MONDO","align":"center","_background_background":"classic","__globals__":{"title_color":"globals\/colors?id=blocksy_palette_8","_background_color":"globals\/colors?id=2e1469f"},"_margin":{"unit":"px","top":"30","right":"30","bottom":"30","left":"30","isLinked":true},"_padding":{"unit":"px","top":"0","right":"0","bottom":"0","left":"0","isLinked":true}},"elements":[],"isInner":false,"widgetType":"heading","elType":"widget"}],"isInner":false,"elType":"container"},{"id":"1c0b4e52","settings":{"flex_direction":"row","flex_gap":{"unit":"px","size":0,"column":"0","row":"0"},"min_height":{"unit":"px","size":0,"sizes":[]},"background_overlay_background":"classic","background_overlay_image":{"url":"http:\/\/localhost:8888\/prova2\/wp-content\/uploads\/2024\/05\/tavolozze-e-palline-ad-alto-angolo-scaled.jpg","id":84,"size":"","alt":"","source":"library"},"background_overlay_opacity":{"unit":"px","size":0.36,"sizes":[]},"__globals__":{"background_overlay_color":"globals\/colors?id=5a1d8f5"}},"elements":[{"id":"12db1b5a","settings":{"flex_direction":"column","content_width":"full","width":{"unit":"%","size":"50"},"min_height":{"unit":"px","size":715,"sizes":[]},"margin":{"unit":"px","top":"0","right":"0","bottom":"0","left":"0","isLinked":true},"padding":{"unit":"px","top":"0","right":"0","bottom":"0","left":"0","isLinked":true},"_flex_align_self":"stretch"},"elements":[{"id":"6e2826f3","settings":{"image":{"url":"http:\/\/localhost:8888\/prova2\/wp-content\/uploads\/2024\/05\/tavolozze-e-palline-ad-alto-angolo-scaled.jpg","id":84,"size":"","alt":"","source":"library"},"_margin":{"unit":"px","top":"0","right":"0","bottom":"0","left":"0","isLinked":true},"_padding":{"unit":"px","top":"23","right":"23","bottom":"23","left":"23","isLinked":true}},"elements":[],"isInner":false,"widgetType":"image","elType":"widget"}],"isInner":true,"elType":"container"},{"id":"8453f2","settings":{"flex_direction":"column","content_width":"full","width":{"unit":"%","size":"50"}},"elements":[{"id":"3bb66285","settings":{"title":"<br><br> SCOPRI I VANTAGGI SULL'ISCRIZIONE ENTRO IL MESE DI APRILE!<br><br>","align":"center","typography_typography":"custom","typography_font_size":{"unit":"px","size":35,"sizes":[]},"text_stroke_text_stroke_type":"yes","text_stroke_text_stroke":{"unit":"px","size":0,"sizes":[]},"text_shadow_text_shadow_type":"yes","text_shadow_text_shadow":{"horizontal":0,"vertical":0,"blur":78,"color":"rgba(0,0,0,0.3)"},"_background_background":"classic","__globals__":{"_background_color":"globals\/colors?id=5a1d8f5","title_color":"globals\/colors?id=blocksy_palette_8"}},"elements":[],"isInner":false,"widgetType":"heading","elType":"widget"},{"id":"cc928db","settings":{"editor":"<p>ISCRIVITI ENTRO IL MESE D'APRILE E USUFRUISCI DEL 50% DELLO SCONTO SUL TOTALE<\/p>","align":"center","typography_typography":"custom","typography_font_family":"Roboto","typography_font_size":{"unit":"px","size":25,"sizes":[]},"typography_font_weight":"500","_background_background":"classic","_background_image":{"url":"","id":"","size":"medium","alt":"","source":"library"},"__globals__":{"typography_typography":"","_background_color":"globals\/colors?id=5a1d8f5","text_color":"globals\/colors?id=b142f43"}},"elements":[],"isInner":false,"widgetType":"text-editor","elType":"widget"},{"id":"338db629","settings":{"editor":"<p>INCONTRA I MIGLIOR GIOCATORI DEL MONDO E OSSERVA GRATUITAMENTE I LORO ALLENAMENTI DALLE 7.00 ALLE 9.00<\/p>","align":"center","text_color":"#EAD5E6","typography_typography":"custom","typography_font_size":{"unit":"px","size":25,"sizes":[]},"_background_background":"gradient","__globals__":{"text_color":"globals\/colors?id=b142f43","_background_color":"globals\/colors?id=5a1d8f5","_background_color_b":"globals\/colors?id=5a1d8f5"}},"elements":[],"isInner":false,"widgetType":"text-editor","elType":"widget"}],"isInner":true,"elType":"container"},{"id":"260f4667","settings":{"flex_direction":"column","content_width":"full","width":{"unit":"%","size":"50"},"flex_gap":{"column":"70","row":"70","isLinked":true,"unit":"px","size":70}},"elements":[{"id":"473c4066","settings":{"title":"<br> <br><br>DOVE TROVARCI?<br><br><br>","align":"center","_background_background":"gradient","__globals__":{"_background_color":"globals\/colors?id=5a1d8f5","_background_color_b":"globals\/colors?id=b142f43","title_color":"globals\/colors?id=blocksy_palette_8"}},"elements":[],"isInner":false,"widgetType":"heading","elType":"widget"},{"id":"51566c7b","settings":{"address":"m3 padel academy"},"elements":[],"isInner":false,"widgetType":"google_maps","elType":"widget"}],"isInner":true,"elType":"container"}],"isInner":false,"elType":"container"},{"id":"17e50fc5","settings":{"flex_direction":"column","background_overlay_background":"classic","background_overlay_opacity":{"unit":"px","size":0.77,"sizes":[]},"padding":{"unit":"px","top":"55","right":"55","bottom":"55","left":"55","isLinked":true},"__globals__":{"background_overlay_color":"globals\/colors?id=5a1d8f5"}},"elements":[{"id":"33ab429b","settings":{"title":"I NOSTRI ALLENATORI","header_size":"h1","align":"center","typography_typography":"custom","typography_font_size":{"unit":"px","size":40,"sizes":[]},"__globals__":{"title_color":"globals\/colors?id=b142f43"}},"elements":[],"isInner":false,"widgetType":"heading","elType":"widget"}],"isInner":false,"elType":"container"},{"id":"64a3792a","settings":{"container_type":"grid","grid_columns_grid":{"unit":"fr","size":"3"},"grid_rows_grid":{"unit":"fr","size":"1"},"grid_rows_grid_mobile":{"unit":"fr","size":"1"},"background_overlay_background":"classic","background_overlay_opacity":{"unit":"px","size":0.34,"sizes":[]},"margin":{"unit":"px","top":"40","right":"40","bottom":"40","left":"40","isLinked":true},"__globals__":{"background_overlay_color":"globals\/colors?id=5a1d8f5"}},"elements":[{"id":"335aa2e9","settings":{"image":{"url":"http:\/\/localhost:8888\/prova2\/wp-content\/uploads\/2024\/05\/paddle-tennis-white-line-scaled.jpg","id":27,"size":"","alt":"","source":"library"},"title_text":"JORGE MARTINEZ","description_text":"Lorem ipsum dolor sit amet, consectetur adipiscing elit. Ut elit tellus, luctus nec ullamcorper mattis, pulvinar dapibus leo."},"elements":[],"isInner":false,"widgetType":"image-box","elType":"widget"},{"id":"3b27d392","settings":{"image":{"url":"http:\/\/localhost:8888\/prova2\/wp-content\/uploads\/2024\/05\/paddle-tennis-white-line-scaled.jpg","id":27,"size":"","alt":"","source":"library"},"title_text":"RODRI OVIDE","description_text":"Lorem ipsum dolor sit amet, consectetur adipiscing elit. Ut elit tellus, luctus nec ullamcorper mattis, pulvinar dapibus leo."},"elements":[],"isInner":false,"widgetType":"image-box","elType":"widget"},{"id":"4442c04b","settings":{"image":{"url":"http:\/\/localhost:8888\/prova2\/wp-content\/uploads\/2024\/05\/paddle-tennis-white-line-scaled.jpg","id":27,"size":"","alt":"","source":"library"},"title_text":"PABLO CROSETTI","description_text":"Lorem ipsum dolor sit amet, consectetur adipiscing elit. Ut elit tellus, luctus nec ullamcorper mattis, pulvinar dapibus leo."},"elements":[],"isInner":false,"widgetType":"image-box","elType":"widget"}],"isInner":false,"elType":"container"},{"id":"65866137","settings":{"flex_direction":"column","background_overlay_background":"classic","background_overlay_opacity":{"unit":"px","size":0.77,"sizes":[]},"padding":{"unit":"px","top":"55","right":"55","bottom":"55","left":"55","isLinked":true},"__globals__":{"background_overlay_color":"globals\/colors?id=5a1d8f5"}},"elements":[{"id":"63bbb41c","settings":{"title":"ISCRIVITI QUI","header_size":"h1","align":"center","typography_typography":"custom","typography_font_size":{"unit":"px","size":40,"sizes":[]},"__globals__":{"title_color":"globals\/colors?id=b142f43"}},"elements":[],"isInner":false,"widgetType":"heading","elType":"widget"}],"isInner":false,"elType":"container"},{"id":"14df60f5","settings":{"container_type":"grid","grid_columns_grid":{"unit":"fr","size":1},"grid_rows_grid":{"unit":"fr","size":"1"},"grid_rows_grid_mobile":{"unit":"fr","size":"1"},"background_overlay_background":"classic","background_overlay_opacity":{"unit":"px","size":0.39,"sizes":[]},"__globals__":{"background_overlay_color":"globals\/colors?id=5a1d8f5"},"padding":{"unit":"px","top":"0","right":"0","bottom":"0","left":"0","isLinked":true}},"elements":[{"id":"15f0c410","settings":{"shortcode":"[contact-form-7 id=\"672d824\" title=\"Modulo di contatto 1\"]","_padding":{"unit":"px","top":"20","right":"20","bottom":"20","left":"20","isLinked":true},"_border_border":"solid","_border_width":{"unit":"px","top":"2","right":"2","bottom":"2","left":"2","isLinked":true},"_border_radius":{"unit":"px","top":"20","right":"20","bottom":"20","left":"20","isLinked":true},"__globals__":{"_border_color":"globals\/colors?id=blocksy_palette_8"}},"elements":[],"isInner":false,"widgetType":"shortcode","elType":"widget"}],"isInner":false,"elType":"container"},{"id":"75b0e28e","settings":{"flex_direction":"column","background_background":"classic","background_image":{"url":"http:\/\/localhost:8888\/prova2\/wp-content\/uploads\/2024\/05\/paddle-tennis-white-line-scaled.jpg","id":27,"size":"","alt":"","source":"library"},"background_position":"center right","__globals__":{"background_color":"globals\/colors?id=2e1469f"}},"elements":[{"id":"7dd859fb","settings":{"editor":"<p>P.IVA 3344556677<\/p>\n<p>INDIRIZZO VIA BOZZI &nbsp; N 89\/A<\/p>","align":"center","typography_typography":"custom","typography_font_size":{"unit":"px","size":35,"sizes":[]},"typography_font_weight":"bold","_padding":{"unit":"px","top":"20","right":"0","bottom":"20","left":"0","isLinked":false},"__globals__":{"text_color":"globals\/colors?id=5a1d8f5"}},"elements":[],"isInner":false,"widgetType":"text-editor","elType":"widget"}],"isInner":false,"elType":"container"}],"page_settings":[],"version":"0.4","title":"LANDING PAGE CONSEGNA","type":"page"}